id,class
0,1
1,10
2,4
3,9
4,6
5,3
6,1
7,10
8,0
9,3
10,1
11,0
12,5
13,10
14,5
15,4
16,1
17,2
18,6
19,9
20,1
21,8
22,1
23,3
24,1
25,0
26,10
27,5
28,9
29,8
30,8
31,2
32,8
33,1
34,4
35,2
36,5
37,10
38,10
39,1
40,6
41,1
42,5
43,0
44,8
45,1
46,10
47,3
48,10
49,9
50,10
51,1
52,3
53,1
54,4
55,2
56,7
57,1
58,6
59,9
60,5
61,5
62,6
63,3
64,10
65,1
66,2
67,1
68,4
69,10
70,5
71,5
72,6
73,8
74,5
75,7
76,9
77,1
78,1
79,9
80,0
81,2
82,9
83,2
84,7
85,3
86,4
87,4
88,10
89,4
90,2
91,4
92,3
93,5
94,7
95,0
96,1
97,2
98,4
99,10
100,2
101,10
102,8
103,2
104,4
105,7
106,6
107,5
108,9
109,10
110,8
111,5
112,5
113,3
114,9
115,0
116,4
117,7
118,9
119,3
120,2
121,5
122,0
123,5
124,1
125,2
126,5
127,8
128,10
129,9
130,8
131,2
132,10
133,1
134,1
135,1
136,3
137,10
138,3
139,1
140,8
141,2
142,5
143,8
144,1
145,4
146,1
147,5
148,9
149,5
150,2
151,4
152,4
153,8
154,10
155,1
156,1
157,1
158,8
159,5
160,5
161,2
162,5
163,4
164,8
165,8
166,8
167,8
168,1
169,9
170,10
171,1
172,4
173,4
174,1
175,8
176,2
177,10
178,2
179,4
180,1
181,2
182,9
183,0
184,10
185,9
186,2
187,3
188,1
189,4
190,1
191,1
192,1
193,4
194,7
195,4
196,8
197,9
198,3
199,1
200,9
201,10
202,5
203,7
204,4
205,6
206,6
207,4
208,8
209,9
210,4
211,8
212,8
213,8
214,9
215,0
216,10
217,1
218,6
219,5
220,4
221,2
222,4
223,7
224,2
225,5
226,1
227,2
228,6
229,3
230,4
231,1
232,7
233,2
234,1
235,8
236,4
237,10
238,4
239,4
240,4
241,3
242,0
243,0
244,1
245,8
246,4
247,9
248,10
249,4
250,9
251,3
252,5
253,7
254,5
255,4
256,7
257,9
258,4
259,0
260,4
261,2
262,4
263,10
264,5
265,9
266,1
267,0
268,0
269,9
270,9
271,1
272,10
273,4
274,5
275,9
276,9
277,8
278,2
279,9
280,1
281,2
282,9
283,3
284,10
285,0
286,2
287,4
288,3
289,10
290,9
291,4
292,1
293,10
294,9
295,0
296,7
297,5
298,2
299,4
300,7
301,9
302,4
303,1
304,0
305,10
306,8
307,10
308,9
309,3
310,1
311,4
312,7
313,8
314,8
315,0
316,7
317,0
318,0
319,1
320,1
321,2
322,8
323,0
324,9
325,3
326,5
327,7
328,10
329,4
330,8
331,0
332,0
333,9
334,3
335,1
336,1
337,2
338,5
339,10
340,9
341,6
342,5
343,8
344,3
345,6
346,4
347,6
348,4
349,9
350,4
351,8
352,6
353,8
354,0
355,1
356,3
357,10
358,10
359,4
360,2
361,5
362,10
363,4
364,2
365,8
366,9
367,3
368,10
369,0
370,9
371,4
372,1
373,10
374,7
375,0
376,9
377,4
378,3
379,5
380,10
381,6
382,4
383,9
384,3
385,0
386,4
387,10
388,10
389,2
390,4
391,7
392,10
393,10
394,7
395,2
396,8
397,8
398,2
399,1
400,9
401,1
402,9
403,4
404,7
405,3
406,10
407,8
408,4
409,4
410,9
411,6
412,0
413,7
414,1
415,7
416,9
417,5
418,1
419,2
420,8
421,2
422,5
423,8
424,1
425,2
426,7
427,4
428,9
429,10
430,9
431,2
432,7
433,8
434,3
435,2
436,8
437,10
438,1
439,1
440,10
441,2
442,1
443,1
444,2
445,0
446,4
447,10
448,0
449,7
450,9
451,2
452,1
453,2
454,6
455,6
456,5
457,4
458,8
459,7
460,10
461,1
462,10
463,2
464,1
465,9
466,6
467,7
468,9
469,2
470,5
471,4
472,8
473,8
474,9
475,0
476,7
477,2
478,1
479,6
480,2
481,5
482,3
483,1
484,10
485,4
486,1
487,9
488,5
489,9
490,1
491,0
492,7
493,2
494,5
495,2
496,8
497,8
498,1
499,10
500,7
501,1
502,4
503,1
504,0
505,7
506,7
507,10
508,10
509,10
510,2
511,7
512,9
513,9
514,0
515,2
516,4
517,9
518,5
519,0
520,2
521,3
522,7
523,1
524,2
525,2
526,4
527,7
528,6
529,0
530,5
531,9
532,5
533,1
534,7
535,10
536,3
537,0
538,0
539,6
540,1
541,3
542,10
543,3
544,1
545,1
546,7
547,5
548,1
549,10
550,1
551,2
552,7
553,6
554,4
555,8
556,1
557,5
558,4
559,2
560,4
561,2
562,5
563,8
564,5
565,5
566,5
567,1
568,8
569,3
570,5
571,5
572,8
573,8
574,2
575,5
576,2
577,7
578,3
579,1
580,2
581,2
582,9
583,9
584,3
585,7
586,8
587,1
588,7
589,5
590,9
591,10
592,9
593,5
594,8
595,9
596,6
597,3
598,4
599,4
600,5
601,10
602,7
603,6
604,5
605,4
606,4
607,4
608,2
609,2
610,5
611,9
612,5
613,8
614,5
615,10
616,8
617,9
618,4
619,9
620,7
621,4
622,4
623,8
624,4
625,0
626,3
627,4
628,1
629,7
630,3
631,4
632,8
633,2
634,4
635,3
636,1
637,1
638,8
639,0
640,10
641,0
642,9
643,2
644,0
645,4
646,6
647,5
648,5
649,5
650,7
651,10
652,8
653,8
654,3
655,8
656,5
657,5
658,1
659,3
660,2
661,7
662,0
663,9
664,1
665,2
666,0
667,5
668,4
669,4
670,7
671,9
672,1
673,6
674,5
675,5
676,3
677,2
678,5
679,0
680,1
681,3
682,2
683,9
684,3
685,0
686,10
687,4
688,10
689,6
690,2
691,9
692,2
693,5
694,0
695,3
696,7
697,2
698,9
699,1
700,1
701,9
702,10
703,4
704,4
705,10
706,10
707,0
708,5
709,4
710,4
711,8
712,7
713,9
714,6
715,3
716,4
717,8
718,5
719,9
720,10
721,6
722,4
723,10
724,4
725,4
726,8
727,1
728,2
729,4
730,10
731,1
732,8
733,9
734,4
735,1
736,1
737,4
738,4
739,7
740,3
741,7
742,8
743,3
744,7
745,2
746,1
747,7
748,6
749,8
750,4
751,1
752,0
753,5
754,5
755,4
756,8
757,10
758,4
759,10
760,2
761,4
762,0
763,8
764,2
765,1
766,8
767,9
768,8
769,10
770,6
771,4
772,2
773,9
774,5
775,2
776,8
777,5
778,10
779,4
780,4
781,2
782,4
783,2
784,5
785,4
786,9
787,4
788,8
789,10
790,0
791,8
792,7
793,1
794,7
795,2
796,9
797,1
798,0
799,1
800,3
801,1
802,4
803,8
804,0
805,0
806,10
807,8
808,10
809,3
810,0
811,4
812,5
813,4
814,5
815,4
816,3
817,2
818,0
819,8
820,10
821,2
822,9
823,10
824,0
825,5
826,4
827,4
828,5
829,3
830,0
831,9
832,8
833,1
834,2
835,6
836,2
837,0
838,8
839,1
840,5
841,10
842,4
843,3
844,0
845,2
846,3
847,10
848,0
849,7
850,5
851,1
852,4
853,1
854,10
855,10
856,10
857,10
858,0
859,5
860,1
861,1
862,0
863,1
864,1
865,4
866,2
867,0
868,2
869,2
870,2
871,7
872,5
873,9
874,9
875,3
876,8
877,2
878,5
879,10
880,5
881,8
882,9
883,4
884,4
885,2
886,0
887,4
888,1
889,4
890,6
891,2
892,5
893,4
894,7
895,8
896,1
897,5
898,4
899,9
900,6
901,10
902,3
903,1
904,6
905,1
906,0
907,5
908,9
909,9
910,10
911,8
912,5
913,2
914,3
915,1
916,4
917,3
918,1
919,4
920,0
921,4
922,3
923,1
924,9
925,5
926,3
927,3
928,4
929,9
930,1
931,2
932,9
933,4
934,4
935,2
936,2
937,2
938,9
939,4
940,1
941,0
942,3
943,10
944,10
945,10
946,7
947,1
948,10
949,1
950,4
951,2
952,9
953,9
954,9
955,2
956,6
957,6
958,0
959,4
960,1
961,3
962,8
963,3
964,8
965,0
966,5
967,5
968,1
969,4
970,3
971,4
972,8
973,5
974,3
975,5
976,7
977,5
978,5
979,4
980,0
981,7
982,3
983,1
984,6
985,1
986,8
987,2
988,10
989,3
990,5
991,7
992,8
993,7
994,9
995,7
996,4
997,2
998,9
999,4
1000,9
1001,5
1002,10
1003,7
1004,1
1005,7
1006,0
1007,1
1008,1
1009,6
1010,8
1011,1
1012,6
1013,8
1014,4
1015,10
1016,4
1017,10
1018,0
1019,9
1020,8
1021,9
1022,5
1023,2
1024,9
1025,8
1026,10
1027,0
1028,10
1029,2
1030,10
1031,4
1032,6
1033,9
1034,1
1035,7
1036,7
1037,5
1038,5
1039,8
1040,9
1041,8
1042,1
1043,9
1044,5
1045,9
1046,1
1047,5
1048,4
1049,9
1050,2
1051,1
1052,9
1053,0
1054,8
1055,4
1056,4
1057,5
1058,2
1059,9
1060,10
1061,10
1062,5
1063,10
1064,9
1065,2
1066,3
1067,10
1068,9
1069,4
1070,0
1071,7
1072,0
1073,2
1074,10
1075,4
1076,0
1077,8
1078,2
1079,8
1080,9
1081,5
1082,7
1083,4
1084,9
1085,3
1086,7
1087,4
1088,1
1089,4
1090,1
1091,10
1092,1
1093,4
1094,10
1095,3
1096,10
1097,2
1098,9
1099,7
1100,1
1101,1
1102,2
1103,9
1104,6
1105,1
1106,9
1107,10
1108,3
1109,9
1110,8
1111,9
1112,5
1113,5
1114,7
1115,8
1116,10
1117,8
1118,5
1119,5
1120,7
1121,7
1122,7
1123,0
1124,2
1125,1
1126,6
1127,1
1128,2
1129,4
1130,1
1131,2
1132,2
1133,3
1134,3
1135,8
1136,0
1137,4
1138,1
1139,0
1140,7
1141,3
1142,4
1143,8
1144,2
1145,3
1146,4
1147,10
1148,1
1149,10
1150,3
1151,6
1152,0
1153,5
1154,9
1155,9
1156,5
1157,4
1158,2
1159,1
1160,9
1161,8
1162,9
1163,9
1164,7
1165,2
1166,4
1167,5
1168,4
1169,8
1170,0
1171,4
1172,6
1173,8
1174,0
1175,2
1176,10
1177,4
1178,0
1179,4
1180,2
1181,6
1182,5
1183,8
1184,1
1185,6
1186,7
1187,0
1188,8
1189,9
1190,7
1191,8
1192,8
1193,5
1194,10
1195,0
1196,9
1197,8
1198,0
1199,9
1200,1
1201,0
1202,1
1203,8
1204,2
1205,4
1206,10
1207,9
1208,9
1209,3
1210,1
1211,8
1212,8
1213,10
1214,5
1215,8
1216,10
1217,10
1218,0
1219,1
1220,10
1221,8
1222,5
1223,1
1224,0
1225,7
1226,8
1227,6
1228,1
1229,2
1230,2
1231,0
1232,10
1233,8
1234,5
1235,3
1236,4
1237,3
1238,4
1239,9
1240,2
1241,4
1242,8
1243,1
1244,9
1245,3
1246,5
1247,5
1248,0
1249,5
1250,8
1251,9
1252,10
1253,4
1254,5
1255,10
1256,4
1257,10
1258,8
1259,1
1260,7
1261,3
1262,4
1263,3
1264,4
1265,1
1266,5
1267,10
1268,10
1269,7
1270,2
1271,1
1272,0
1273,0
1274,7
1275,1
1276,5
1277,4
1278,10
1279,1
1280,1
1281,1
1282,7
1283,5
1284,0
1285,5
1286,1
1287,9
1288,10
1289,7
1290,8
1291,8
1292,8
1293,5
1294,4
1295,5
1296,7
1297,4
1298,9
1299,0
1300,9
1301,2
1302,8
1303,4
1304,2
1305,9
1306,2
1307,1
1308,1
1309,0
1310,10
1311,2
1312,2
1313,1
1314,2
1315,0
1316,0
1317,8
1318,8
1319,10
1320,1
1321,6
1322,3
1323,0
1324,2
1325,4
1326,5
1327,4
1328,4
1329,1
1330,10
1331,9
1332,2
1333,2
1334,5
1335,4
1336,1
1337,1
1338,4
1339,1
1340,8
1341,2
1342,4
1343,0
1344,7
1345,7
1346,3
1347,7
1348,1
1349,0
1350,3
1351,5
1352,2
1353,2
1354,9
1355,0
1356,5
1357,6
1358,2
1359,1
1360,0
1361,9
1362,5
1363,5
1364,10
1365,7
1366,6
1367,2
1368,1
1369,9
1370,4
1371,9
1372,4
1373,1
1374,2
1375,9
1376,10
1377,8
1378,4
1379,8
1380,4
1381,1
1382,9
1383,3
1384,5
1385,4
1386,9
1387,5
1388,4
1389,8
1390,10
1391,5
1392,7
1393,5
1394,2
1395,3
1396,10
1397,8
1398,10
1399,2
1400,2
1401,9
1402,9
1403,8
1404,9
1405,4
1406,10
1407,5
1408,8
1409,2
1410,0
1411,4
1412,7
1413,8
1414,2
1415,0
1416,8
1417,0
1418,8
1419,4
1420,10
1421,6
1422,1
1423,2
1424,10
1425,1
1426,0
1427,7
1428,5
1429,2
1430,4
1431,7
1432,8
1433,4
1434,8
1435,6
1436,8
1437,5
1438,5
1439,8
1440,9
1441,3
1442,9
1443,8
1444,10
1445,2
1446,2
1447,10
1448,0
1449,0
1450,3
1451,4
1452,5
1453,9
1454,3
1455,7
1456,9
1457,0
1458,3
1459,4
1460,0
1461,2
1462,2
1463,2
1464,2
1465,5
1466,8
1467,9
1468,1
1469,9
1470,2
1471,1
1472,5
1473,2
1474,0
1475,10
1476,9
1477,5
1478,4
1479,6
1480,7
1481,5
1482,9
1483,9
1484,7
1485,8
1486,4
1487,3
1488,7
1489,0
1490,1
1491,8
1492,8
1493,1
1494,10
1495,9
1496,9
1497,9
1498,2
1499,10
1500,3
1501,7
1502,2
1503,9
1504,9
1505,2
1506,9
1507,7
1508,8
1509,2
1510,4
1511,10
1512,1
1513,3
1514,5
1515,1
1516,10
1517,5
1518,5
1519,1
1520,2
1521,3
1522,6
1523,4
1524,4
1525,5
1526,0
1527,4
1528,4
1529,1
1530,10
1531,2
1532,4
1533,0
1534,0
1535,3
1536,0
1537,5
1538,9
1539,4
1540,4
1541,6
1542,4
1543,7
1544,6
1545,7
1546,1
1547,8
1548,10
1549,4
1550,0
1551,8
1552,6
1553,1
1554,5
1555,1
1556,4
1557,9
1558,7
1559,9
1560,3
1561,2
1562,3
1563,9
1564,7
1565,6
1566,9
1567,7
1568,2
1569,9
1570,2
1571,8
1572,10
1573,8
1574,10
1575,4
1576,1
1577,1
1578,3
1579,7
1580,9
1581,0
1582,1
1583,9
1584,8
1585,3
1586,4
1587,5
1588,4
1589,4
1590,8
1591,10
1592,4
1593,10
1594,8
1595,4
1596,10
1597,7
1598,1
1599,10
1600,1
1601,4
1602,4
1603,9
1604,8
1605,8
1606,0
1607,4
1608,0
1609,6
1610,1
1611,7
1612,9
1613,1
1614,7
1615,4
1616,0
1617,8
1618,1
1619,5
1620,8
1621,0
1622,1
1623,2
1624,10
1625,2
1626,3
1627,1
1628,3
1629,1
1630,2
1631,2
1632,8
1633,1
1634,2
1635,9
1636,0
1637,3
1638,5
1639,1
1640,5
1641,1
1642,4
1643,3
1644,4
1645,2
1646,1
1647,0
1648,3
1649,8
1650,4
1651,8
1652,5
1653,3
1654,9
1655,7
1656,1
1657,10
1658,5
1659,1
1660,3
1661,9
1662,1
1663,5
1664,4
1665,0
1666,8
1667,2
1668,3
1669,4
1670,7
1671,2
1672,6
1673,5
1674,9
1675,3
1676,2
1677,7
1678,8
1679,4
1680,3
1681,4
1682,4
1683,1
1684,5
1685,10
1686,8
1687,4
1688,2
1689,10
1690,8
1691,2
1692,5
1693,9
1694,5
1695,9
1696,8
1697,5
1698,1
1699,0
1700,0
1701,9
1702,8
1703,0
1704,8
1705,8
1706,7
1707,10
1708,4
1709,6
1710,0
1711,10
1712,8
1713,9
1714,4
1715,1
1716,10
1717,5
1718,9
1719,5
1720,1
1721,6
1722,4
1723,4
1724,1
1725,1
1726,4
1727,10
1728,1
1729,2
1730,1
1731,8
1732,9
1733,5
1734,0
1735,6
1736,1
1737,7
1738,3
1739,10
1740,8
1741,7
1742,9
1743,9
1744,7
1745,0
1746,10
1747,9
1748,4
1749,9
1750,3
1751,5
1752,2
1753,7
1754,3
1755,4
1756,3
1757,0
1758,5
1759,1
1760,9
1761,4
1762,2
1763,6
1764,2
1765,9
1766,1
1767,8
1768,4
1769,5
1770,5
1771,5
1772,10
1773,8
1774,0
1775,8
1776,0
1777,9
1778,1
1779,2
1780,1
1781,8
1782,2
1783,2
1784,9
1785,6
1786,3
1787,2
1788,4
1789,2
1790,5
1791,3
1792,5
1793,3
1794,4
1795,1
1796,8
1797,8
1798,8
1799,1
1800,9
1801,1
1802,0
1803,8
1804,6
1805,1
1806,9
1807,2
1808,9
1809,4
1810,0
1811,4
1812,4
1813,9
1814,10
1815,1
1816,5
1817,4
1818,8
1819,7
1820,9
1821,10
1822,9
1823,9
1824,7
1825,1
1826,1
1827,1
1828,3
1829,4
1830,5
1831,2
1832,1
1833,8
1834,6
1835,1
1836,10
1837,9
1838,4
1839,9
1840,4
1841,0
1842,4
1843,10
1844,4
1845,5
1846,7
1847,4
1848,3
1849,1
1850,2
1851,5
1852,4
1853,9
1854,7
1855,1
1856,7
1857,4
1858,1
1859,6
1860,8
1861,1
1862,3
1863,4
1864,8
1865,4
1866,1
1867,2
1868,1
1869,0
1870,1
1871,8
1872,0
1873,8
1874,4
1875,10
1876,8
1877,5
1878,4
1879,6
1880,0
1881,8
1882,5
1883,1
1884,4
1885,7
1886,9
1887,5
1888,8
1889,9
1890,4
1891,1
1892,1
1893,7
1894,1
1895,3
1896,0
1897,5
1898,6
1899,0
1900,4
1901,2
1902,1
1903,6
1904,8
1905,3
1906,4
1907,5
1908,1
1909,0
1910,10
1911,2
1912,3
1913,9
1914,9
1915,1
1916,5
1917,2
1918,8
1919,4
1920,5
1921,8
1922,10
1923,0
1924,4
1925,8
1926,8
1927,1
1928,5
1929,1
1930,5
1931,10
1932,4
1933,7
1934,5
1935,8
1936,10
1937,0
1938,7
1939,4
1940,4
1941,4
1942,0
1943,4
1944,7
1945,7
1946,4
1947,0
1948,10
1949,5
1950,1
1951,8
1952,7
1953,6
1954,3
1955,1
1956,1
1957,2
1958,4
1959,5
1960,9
1961,10
1962,3
1963,0
1964,2
1965,8
1966,5
1967,8
1968,7
1969,2
1970,6
1971,8
1972,5
1973,9
1974,7
1975,1
1976,9
1977,10
1978,9
1979,5
1980,5
1981,7
1982,3
1983,3
1984,7
1985,2
1986,4
1987,3
1988,7
1989,2
1990,1
1991,9
1992,10
1993,7
1994,5
1995,7
1996,0
1997,4
1998,2
1999,7
2000,5
2001,5
2002,8
2003,5
2004,0
2005,0
2006,8
2007,4
2008,9
2009,5
2010,1
2011,1
2012,7
2013,7
2014,7
2015,8
2016,4
2017,0
2018,9
2019,2
2020,7
2021,0
2022,4
2023,9
2024,4
2025,9
2026,1
2027,3
2028,8
2029,7
2030,9
2031,8
2032,10
2033,0
2034,0
2035,4
2036,5
2037,6
2038,0
2039,0
2040,7
2041,0
2042,4
2043,7
2044,5
2045,4
2046,0
2047,2
2048,3
2049,9
2050,3
2051,1
2052,0
2053,8
2054,4
2055,4
2056,7
2057,10
2058,2
2059,9
2060,9
2061,2
2062,10
2063,3
2064,10
2065,1
2066,5
2067,9
2068,4
2069,3
2070,1
2071,1
2072,5
2073,2
2074,9
2075,0
2076,8
2077,6
2078,6
2079,0
2080,1
2081,9
2082,5
2083,2
2084,2
2085,5
2086,9
2087,2
2088,7
2089,7
2090,2
2091,2
2092,3
2093,3
2094,8
2095,8
2096,0
2097,5
2098,7
2099,10
2100,1
2101,5
2102,0
2103,5
2104,5
2105,2
2106,5
2107,4
2108,2
2109,8
2110,4
2111,1
2112,9
2113,6
2114,5
2115,8
2116,6
2117,5
2118,10
2119,8
2120,9
2121,3
2122,1
2123,10
2124,2
2125,0
2126,5
2127,4
2128,7
2129,10
2130,6
2131,1
2132,9
2133,10
2134,0
2135,8
2136,2
2137,6
2138,6
2139,1
2140,10
2141,0
2142,4
2143,0
2144,6
2145,4
2146,4
2147,0
2148,1
2149,2
2150,1
2151,7
2152,8
2153,7
2154,3
2155,0
2156,10
2157,1
2158,8
2159,5
2160,0
2161,0
2162,4
2163,9
2164,10
2165,4
2166,1
2167,10
2168,0
2169,4
2170,8
2171,7
2172,4
2173,4
2174,2
2175,4
2176,2
2177,6
2178,7
2179,9
2180,1
2181,8
2182,1
2183,4
2184,9
2185,2
2186,6
2187,0
2188,4
2189,4
2190,10
2191,4
2192,5
2193,2
2194,1
2195,2
2196,9
2197,2
2198,4
2199,2
2200,3
2201,2
2202,0
2203,8
2204,4
2205,9
2206,4
2207,8
2208,2
2209,5
2210,2
2211,8
2212,4
2213,4
2214,8
2215,9
2216,4
2217,0
2218,2
2219,9
2220,2
2221,4
2222,6
2223,1
2224,2
2225,1
2226,2
2227,1
2228,10
2229,8
2230,0
2231,9
2232,6
2233,8
2234,7
2235,6
2236,10
2237,4
2238,4
2239,0
2240,10
2241,3
2242,6
2243,2
2244,9
2245,1
2246,2
2247,5
2248,2
2249,8
2250,7
2251,1
2252,3
2253,7
2254,8
2255,8
2256,2
2257,4
2258,2
2259,0
2260,4
2261,5
2262,3
2263,4
2264,10
2265,4
2266,10
2267,7
2268,0
2269,2
2270,8
2271,9
2272,8
2273,7
2274,8
2275,9
2276,3
2277,10
2278,9
2279,8
2280,2
2281,3
2282,1
2283,1
2284,1
2285,2
2286,8
2287,4
2288,9
2289,2
2290,9
2291,2
2292,10
2293,7
2294,7
2295,8
2296,7
2297,2
2298,6
2299,8
2300,0
2301,4
2302,2
2303,4
2304,9
2305,1
2306,2
2307,7
2308,8
2309,1
2310,5
2311,3
2312,5
2313,4
2314,2
2315,7
2316,9
2317,1
2318,3
2319,9
2320,2
2321,8
2322,2
2323,8
2324,9
2325,10
2326,2
2327,9
2328,1
2329,6
2330,5
2331,1
2332,0
2333,6
2334,4
2335,3
2336,9
2337,7
2338,4
2339,8
2340,10
2341,5
2342,5
2343,1
2344,4
2345,3
2346,8
2347,0
2348,5
2349,0
2350,8
2351,7
2352,7
2353,4
2354,9
2355,3
2356,4
2357,6
2358,2
2359,7
2360,5
2361,7
2362,10
2363,0
2364,0
2365,7
2366,4
2367,4
2368,8
2369,7
2370,1
2371,6
2372,5
2373,8
2374,5
2375,2
2376,6
2377,5
2378,4
2379,5
2380,1
2381,6
2382,7
2383,4
2384,10
2385,4
2386,5
2387,9
2388,0
2389,0
2390,4
2391,8
2392,4
2393,3
2394,2
2395,8
2396,6
2397,1
2398,5
2399,0
2400,5
2401,2
2402,3
2403,8
2404,1
2405,10
2406,4
2407,4
2408,6
2409,3
2410,8
2411,5
2412,8
2413,9
2414,8
2415,2
2416,8
2417,9
2418,1
2419,8
2420,4
2421,2
2422,2
2423,5
2424,2
2425,7
2426,10
2427,4
2428,0
2429,6
2430,9
2431,4
2432,8
2433,4
2434,8
2435,3
2436,5
2437,3
2438,2
2439,9
2440,8
2441,9
2442,8
2443,4
2444,4
2445,1
2446,8
2447,8
2448,0
2449,8
2450,6
2451,10
2452,6
2453,0
2454,9
2455,7
2456,3
2457,10
2458,5
2459,2
2460,10
2461,0
2462,8
2463,2
2464,7
2465,2
2466,9
2467,8
2468,1
2469,1
2470,9
2471,7
2472,4
2473,8
2474,8
2475,7
2476,7
2477,4
2478,10
2479,2
2480,4
2481,2
2482,1
2483,9
2484,10
2485,7
2486,10
2487,3
2488,3
2489,6
2490,9
2491,9
2492,8
2493,5
2494,2
2495,5
2496,9
2497,2
2498,7
2499,2
2500,3
2501,8
2502,5
2503,5
2504,8
2505,9
2506,3
2507,7
2508,3
2509,8
2510,8
2511,1
2512,3
2513,4
2514,3
2515,4
2516,4
2517,5
2518,7
2519,2
2520,2
2521,5
2522,2
2523,4
2524,9
2525,5
2526,2
2527,8
2528,4
2529,10
2530,1
2531,4
2532,4
2533,5
2534,10
2535,9
2536,3
2537,8
2538,9
2539,3
2540,0
2541,2
2542,1
2543,2
2544,1
2545,1
2546,4
2547,0
2548,1
2549,10
2550,7
2551,4
2552,8
2553,2
2554,8
2555,8
2556,1
2557,10
2558,0
2559,7
2560,5
2561,8
2562,0
2563,2
2564,9
2565,2
2566,2
2567,5
2568,1
2569,5
2570,9
2571,10
2572,3
2573,8
2574,9
2575,3
2576,8
2577,1
2578,10
2579,2
2580,8
2581,0
2582,1
2583,9
2584,10
2585,2
2586,1
2587,3
2588,1
2589,3
2590,6
2591,4
2592,4
2593,5
2594,0
2595,10
2596,8
2597,1
2598,0
2599,0
2600,10
2601,6
2602,1
2603,0
2604,1
2605,7
2606,2
2607,6
2608,2
2609,8
2610,4
2611,9
2612,0
2613,2
2614,8
2615,5
2616,1
2617,6
2618,0
2619,10
2620,1
2621,7
2622,5
2623,9
2624,5
2625,9
2626,9
2627,9
2628,7
2629,1
2630,1
2631,1
2632,8
2633,2
2634,6
2635,7
2636,9
2637,7
2638,5
2639,9
2640,2
2641,8
2642,3
2643,4
2644,8
2645,7
2646,5
2647,2
2648,1
2649,3
2650,0
2651,2
2652,7
2653,1
2654,10
2655,10
2656,0
2657,8
2658,3
2659,9
2660,1
2661,7
2662,4
2663,9
2664,9
2665,5
2666,4
2667,10
2668,3
2669,6
2670,4
2671,9
2672,7
2673,2
2674,6
2675,5
2676,1
2677,7
2678,4
2679,3
2680,4
2681,3
2682,10
2683,8
2684,4
2685,0
2686,7
2687,5
2688,5
2689,0
2690,9
2691,8
2692,3
2693,6
2694,1
2695,9
2696,8
2697,0
2698,4
2699,10
2700,7
2701,8
2702,5
2703,4
2704,10
2705,1
2706,1
2707,9
2708,3
2709,5
2710,9
2711,0
2712,0
2713,4
2714,8
2715,9
2716,2
2717,0
2718,0
2719,5
2720,9
2721,10
2722,5
2723,6
2724,4
2725,4
2726,7
2727,9
2728,2
2729,10
2730,0
2731,4
2732,1
2733,3
2734,4
2735,9
2736,7
2737,10
2738,9
2739,2
2740,7
2741,7
2742,9
2743,5
2744,7
2745,3
2746,4
2747,4
2748,10
2749,8
2750,9
2751,2
2752,5
2753,3
2754,5
2755,3
2756,5
2757,8
2758,2
2759,10
2760,1
2761,3
2762,4
2763,3
2764,10
2765,4
2766,6
2767,4
2768,10
2769,3
2770,7
2771,0
2772,4
2773,8
2774,4
2775,4
2776,5
2777,3
2778,1
2779,2
2780,8
2781,2
2782,1
2783,8
2784,4
2785,2
2786,2
2787,1
2788,7
2789,2
2790,2
2791,7
2792,9
2793,8
2794,1
2795,3
2796,4
2797,1
2798,10
2799,9
2800,6
2801,0
2802,1
2803,1
2804,4
2805,7
2806,10
2807,10
2808,5
2809,1
2810,9
2811,8
2812,8
2813,7
2814,2
2815,10
2816,9
2817,4
2818,4
2819,8
2820,5
2821,2
2822,1
2823,8
2824,5
2825,4
2826,0
2827,4
2828,1
2829,5
2830,5
2831,1
2832,3
2833,0
2834,6
2835,9
2836,1
2837,9
2838,5
2839,5
2840,4
2841,6
2842,9
2843,0
2844,9
2845,8
2846,0
2847,9
2848,5
2849,8
2850,1
2851,0
2852,5
2853,2
2854,0
2855,4
2856,10
2857,8
2858,8
2859,9
2860,9
2861,9
2862,3
2863,5
2864,9
2865,5
2866,10
2867,9
2868,6
2869,5
2870,4
2871,8
2872,4
2873,2
2874,1
2875,2
2876,8
2877,9
2878,0
2879,0
2880,7
2881,4
2882,7
2883,10
2884,4
2885,9
2886,3
2887,1
2888,10
2889,7
2890,4
2891,8
2892,8
2893,8
2894,8
2895,2
2896,9
2897,0
2898,9
2899,2
2900,9
2901,10
2902,8
2903,3
2904,4
2905,9
2906,4
2907,8
2908,0
2909,4
2910,9
2911,2
2912,4
2913,5
2914,9
2915,8
2916,8
2917,7
2918,8
2919,4
2920,5
2921,3
2922,5
2923,1
2924,3
2925,8
2926,1
2927,1
2928,4
2929,0
2930,6
2931,6
2932,8
2933,9
2934,3
2935,8
2936,7
2937,5
2938,0
2939,8
2940,1
2941,0
2942,2
2943,1
2944,5
2945,3
2946,9
2947,8
2948,9
2949,9
2950,7
2951,1
2952,3
2953,6
2954,0
2955,0
2956,8
2957,10
2958,1
2959,1
2960,4
2961,4
2962,9
2963,4
2964,3
2965,7
2966,0
2967,4
2968,1
2969,2
2970,10
2971,4
2972,9
2973,4
2974,5
2975,5
2976,8
2977,9
2978,10
2979,5
2980,2
2981,2
2982,6
2983,2
2984,7
2985,1
2986,3
2987,0
2988,7
2989,1
2990,10
2991,5
2992,5
2993,7
2994,9
2995,1
2996,9
2997,2
2998,9
2999,8
3000,2
3001,4
3002,1
3003,8
3004,5
3005,4
3006,10
3007,8
3008,3
3009,10
3010,0
3011,1
3012,6
3013,4
3014,8
3015,3
3016,3
3017,3
3018,4
3019,8
3020,7
3021,4
3022,8
3023,4
3024,4
3025,9
3026,10
3027,8
3028,10
3029,0
3030,0
3031,7
3032,9
3033,5
3034,8
3035,10
3036,1
3037,8
3038,10
3039,5
3040,10
3041,9
3042,10
3043,1
3044,1
3045,3
3046,0
3047,1
3048,5
3049,4
3050,1
3051,0
3052,2
3053,10
3054,6
3055,1
3056,2
3057,9
3058,0
3059,10
3060,8
3061,6
3062,10
3063,9
3064,4
3065,1
3066,7
3067,0
3068,10
3069,8
3070,3
3071,8
3072,3
3073,0
3074,9
3075,0
3076,4
3077,3
3078,3
3079,5
3080,1
3081,10
3082,8
3083,1
3084,9
3085,10
3086,5
3087,2
3088,0
3089,3
3090,9
3091,4
3092,9
3093,5
3094,4
3095,0
3096,4
3097,5
3098,5
3099,4
3100,1
3101,9
3102,5
3103,4
3104,1
3105,4
3106,1
3107,4
3108,2
3109,2
3110,10
3111,10
3112,5
3113,5
3114,9
3115,9
3116,2
3117,10
3118,7
3119,2
3120,5
3121,5
3122,4
3123,4
3124,8
3125,1
3126,8
3127,5
3128,1
3129,4
3130,7
3131,9
3132,4
3133,7
3134,8
3135,9
3136,4
3137,4
3138,2
3139,8
3140,5
3141,7
3142,9
3143,1
3144,10
3145,8
3146,1
3147,10
3148,2
3149,3
3150,5
3151,2
3152,5
3153,0
3154,9
3155,9
3156,0
3157,4
3158,4
3159,9
3160,3
3161,1
3162,5
3163,10
3164,4
3165,0
3166,7
3167,9
3168,1
3169,4
3170,10
3171,9
3172,4
3173,0
3174,3
3175,7
3176,10
3177,4
3178,0
3179,3
3180,5
3181,8
3182,9
3183,8
3184,1
3185,2
3186,4
3187,8
3188,5
3189,6
3190,6
3191,3
3192,9
3193,4
3194,2
3195,2
3196,10
3197,2
3198,2
3199,1
3200,10
3201,3
3202,10
3203,9
3204,7
3205,10
3206,10
3207,6
3208,4
3209,8
3210,4
3211,2
3212,9
3213,3
3214,8
3215,9
3216,1
3217,2
3218,2
3219,9
3220,9
3221,9
3222,3
3223,8
3224,1
3225,5
3226,1
3227,5
3228,9
3229,7
3230,7
3231,9
3232,10
3233,2
3234,7
3235,5
3236,0
3237,7
3238,8
3239,6
3240,9
3241,10
3242,6
3243,1
3244,0
3245,7
3246,8
3247,2
3248,5
3249,0
3250,10
3251,5
3252,1
3253,8
3254,8
3255,4
3256,4
3257,4
3258,8
3259,3
3260,9
3261,5
3262,1
3263,5
3264,4
3265,7
3266,4
3267,8
3268,4
3269,7
3270,5
3271,4
3272,9
3273,10
3274,4
3275,2
3276,5
3277,4
3278,4
3279,4
3280,7
3281,10
3282,1
3283,1
3284,9
3285,1
3286,7
3287,3
3288,4
3289,1
3290,7
3291,9
3292,8
3293,2
3294,10
3295,7
3296,8
3297,10
3298,9
3299,7
3300,3
3301,9
3302,1
3303,3
3304,8
3305,2
3306,1
3307,2
3308,2
3309,1
3310,1
3311,9
3312,1
3313,2
3314,8
3315,4
3316,3
3317,10
3318,3
3319,1
3320,1
3321,4
3322,8
3323,2
3324,8
3325,2
3326,2
3327,5
3328,10
3329,4
3330,8
3331,7
3332,3
3333,2
3334,4
3335,8
3336,9
3337,10
3338,2
3339,10
3340,7
3341,4
3342,2
3343,10
3344,0
3345,0
3346,7
